202300,01.11.1984,0.5771
202300,08.11.1984,0.6129
202300,15.11.1984,0.57
202300,22.11.1984,0.6214
202300,29.11.1984,0.5186
202300,06.12.1984,0.5843
202300,13.12.1984,0.5843
202300,20.12.1984,0.57
202300,27.12.1984,0.51
202300,03.01.1985,0.4843
202300,10.01.1985,0.45
202300,17.01.1985,0.45
202300,24.01.1985,0.5529
202300,31.01.1985,1.1257
202300,07.02.1985,0.6629
202300,14.02.1985,0.5357
202300,21.02.1985,0.78
202300,28.02.1985,0.6029
202300,07.03.1985,0.5271
202300,14.03.1985,0.5129
202300,21.03.1985,1.0686
202300,28.03.1985,1.2543
202300,04.04.1985,0.4443
202300,11.04.1985,0.34
202300,18.04.1985,0.3886
202300,25.04.1985,0.4929
202300,02.05.1985,0.45
202300,09.05.1985,0.3957
202300,16.05.1985,0.2957
202300,23.05.1985,0.1729
202300,30.05.1985,0.2343
202300,06.06.1985,0.23
202300,13.06.1985,0.23
202300,20.06.1985,0.5243
202300,27.06.1985,0.4771
202300,04.07.1985,0.4143
202300,11.07.1985,0.4671
202300,18.07.1985,0.57
202300,25.07.1985,0.5843
202300,01.08.1985,0.6657
202300,08.08.1985,0.6943
202300,15.08.1985,0.9057
202300,22.08.1985,0.6557
202300,29.08.1985,0.55
202300,05.09.1985,0.4457
202300,12.09.1985,0.34
202300,19.09.1985,0.3186
202300,26.09.1985,0.29
202300,03.10.1985,0.3514
202300,10.10.1985,0.8471
202300,17.10.1985,0.6129
202300,24.10.1985,0.34
202300,31.10.1985,0.272
202300,07.11.1985,0.3461
202300,14.11.1985,0.3319
202300,21.11.1985,0.369
202300,28.11.1985,0.469
202300,05.12.1985,0.4721
202300,12.12.1985,0.3904
202300,19.12.1985,0.449
202300,26.12.1985,0.3927
202300,02.01.1986,0.3273
202300,09.01.1986,0.5937
202300,16.01.1986,0.8533
202300,23.01.1986,0.5899
202300,30.01.1986,0.4939
202300,06.02.1986,0.4184
202300,13.02.1986,0.409
202300,20.02.1986,0.409
202300,27.02.1986,0.4083
202300,06.03.1986,0.4479
202300,13.03.1986,0.3393
202300,20.03.1986,0.3856
202300,27.03.1986,0.3247
202300,03.04.1986,0.3447
202300,10.04.1986,0.3861
202300,17.04.1986,0.4259
202300,24.04.1986,0.369
202300,01.05.1986,0.3104
202300,08.05.1986,0.2711
202300,15.05.1986,0.2876
202300,22.05.1986,0.5236
202300,29.05.1986,1.3434
202300,05.06.1986,0.6561
202300,12.06.1986,0.362
202300,19.06.1986,0.3964
202300,26.06.1986,0.2669
202300,03.07.1986,0.399
202300,10.07.1986,0.3933
202300,17.07.1986,0.3389
202300,24.07.1986,0.4533
202300,31.07.1986,0.4226
202300,07.08.1986,0.3494
202300,14.08.1986,0.4401
202300,21.08.1986,0.6257
202300,28.08.1986,0.4891
202300,04.09.1986,0.4253
202300,11.09.1986,0.4476
202300,18.09.1986,0.3873
202300,25.09.1986,0.365
202300,02.10.1986,0.3907
202300,09.10.1986,0.3174
202300,16.10.1986,0.4566
202300,23.10.1986,0.5737
202300,30.10.1986,0.4063
202300,06.11.1986,0.3304
202300,13.11.1986,0.326
202300,20.11.1986,0.4027
202300,27.11.1986,0.365
202300,04.12.1986,0.365
202300,11.12.1986,0.365
202300,18.12.1986,0.365
202300,25.12.1986,0.5556
202300,01.01.1987,0.6439
202300,08.01.1987,0.497
202300,15.01.1987,0.497
202300,22.01.1987,0.4974
202300,29.01.1987,0.497
202300,05.02.1987,0.7144
202300,12.02.1987,0.623
202300,19.02.1987,0.6781
202300,26.02.1987,0.591
202300,05.03.1987,0.4269
202300,12.03.1987,0.5794
202300,19.03.1987,1.7607
202300,26.03.1987,1.4086
202300,02.04.1987,1.0014
202300,09.04.1987,0.995
202300,16.04.1987,0.7276
202300,23.04.1987,0.5707
202300,30.04.1987,0.809
202300,07.05.1987,0.7289
202300,14.05.1987,0.4487
202300,21.05.1987,0.5174
202300,28.05.1987,0.5234
202300,04.06.1987,0.6887
202300,11.06.1987,0.6936
202300,18.06.1987,0.7931
202300,25.06.1987,0.9993
202300,02.07.1987,0.753
202300,09.07.1987,0.7286
202300,16.07.1987,0.8447
202300,23.07.1987,0.7533
202300,30.07.1987,0.5853
202300,06.08.1987,0.655
202300,13.08.1987,0.8279
202300,20.08.1987,0.7376
202300,27.08.1987,0.7227
202300,03.09.1987,1.0657
202300,10.09.1987,0.79
202300,17.09.1987,0.8236
202300,24.09.1987,0.677
202300,01.10.1987,0.677
202300,08.10.1987,0.6947
202300,15.10.1987,0.9061
202300,22.10.1987,0.6609
202300,29.10.1987,0.505
202300,05.11.1987,0.629
202300,12.11.1987,0.3807
202300,19.11.1987,0.5467
202300,26.11.1987,0.497
202300,03.12.1987,0.3181
202300,10.12.1987,0.242
202300,17.12.1987,0.8297
202300,24.12.1987,0.5013
202300,31.12.1987,0.4656
202300,07.01.1988,0.409
202300,14.01.1988,0.409
202300,21.01.1988,0.4689
202300,28.01.1988,0.6429
202300,04.02.1988,0.5479
202300,11.02.1988,0.3633
202300,18.02.1988,0.273
202300,25.02.1988,0.321
202300,03.03.1988,0.3351
202300,10.03.1988,0.3874
202300,17.03.1988,0.9111
202300,24.03.1988,0.8959
202300,31.03.1988,0.7153
202300,07.04.1988,0.6487
202300,14.04.1988,0.5559
202300,21.04.1988,0.5151
202300,28.04.1988,0.4691
202300,05.05.1988,0.384
202300,12.05.1988,0.3514
202300,19.05.1988,0.3263
202300,26.05.1988,0.438
202300,02.06.1988,0.9166
202300,09.06.1988,0.634
202300,16.06.1988,0.3483
202300,23.06.1988,0.4729
202300,30.06.1988,0.4694
202300,07.07.1988,0.4889
202300,14.07.1988,0.4951
202300,21.07.1988,0.6553
202300,28.07.1988,0.6959
202300,04.08.1988,0.575
202300,11.08.1988,0.602
202300,18.08.1988,0.6953
202300,25.08.1988,0.467
202300,01.09.1988,0.7919
202300,08.09.1988,0.4854
202300,15.09.1988,0.4969
202300,22.09.1988,0.4867
202300,29.09.1988,0.4799
202300,06.10.1988,0.7336
202300,13.10.1988,0.7056
202300,20.10.1988,0.6144
202300,27.10.1988,0.3333
202300,03.11.1988,0.3247
202300,10.11.1988,0.3033
202300,17.11.1988,0.3689
202300,24.11.1988,0.363
202300,01.12.1988,0.613
202300,08.12.1988,0.5691
202300,15.12.1988,0.5087
202300,22.12.1988,0.559
202300,29.12.1988,0.4709
202300,05.01.1989,0.4713
202300,12.01.1989,0.4271
202300,19.01.1989,0.3733
202300,26.01.1989,0.368
202300,02.02.1989,0.3434
202300,09.02.1989,0.3633
202300,16.02.1989,0.4626
202300,23.02.1989,0.3889
202300,02.03.1989,0.3744
202300,09.03.1989,0.3891
202300,16.03.1989,0.3537
202300,23.03.1989,0.4263
202300,30.03.1989,0.395
202300,06.04.1989,0.4927
202300,13.04.1989,0.6054
202300,20.04.1989,0.5049
202300,27.04.1989,0.8209
202300,04.05.1989,0.5367
202300,11.05.1989,0.4617
202300,18.05.1989,0.4191
202300,25.05.1989,0.3349
202300,01.06.1989,0.4894
202300,08.06.1989,0.4746
202300,15.06.1989,0.421
202300,22.06.1989,0.5761
202300,29.06.1989,0.4566
202300,06.07.1989,0.448
202300,13.07.1989,0.3783
202300,20.07.1989,0.4709
202300,27.07.1989,0.5554
202300,03.08.1989,0.5863
202300,10.08.1989,0.678
202300,17.08.1989,0.5197
202300,24.08.1989,0.5134
202300,31.08.1989,0.6491
202300,07.09.1989,0.5139
202300,14.09.1989,0.4966
202300,21.09.1989,0.5393
202300,28.09.1989,0.4704
202300,05.10.1989,0.5154
202300,12.10.1989,0.5267
202300,19.10.1989,0.4787
202300,26.10.1989,0.5684
202300,02.11.1989,0.5704
202300,09.11.1989,0.6136
202300,16.11.1989,0.4224
202300,23.11.1989,0.419
202300,30.11.1989,0.409
202300,07.12.1989,0.4266
202300,14.12.1989,0.4386
202300,21.12.1989,0.4976
202300,28.12.1989,0.364
202300,04.01.1990,0.233
202300,11.01.1990,0.2481
202300,18.01.1990,0.2349
202300,25.01.1990,0.381
202300,01.02.1990,0.3407
202300,08.02.1990,0.3469
202300,15.02.1990,0.387
202300,22.02.1990,0.3824
202300,01.03.1990,0.3347
202300,08.03.1990,0.447
202300,15.03.1990,0.394
202300,22.03.1990,0.3649
202300,29.03.1990,0.3909
202300,05.04.1990,0.4569
202300,12.04.1990,0.385
202300,19.04.1990,0.6196
202300,26.04.1990,0.6444
202300,03.05.1990,0.497
202300,10.05.1990,0.5309
202300,17.05.1990,0.453
202300,24.05.1990,0.4293
202300,31.05.1990,0.4773
202300,07.06.1990,0.5403
202300,14.06.1990,0.6441
202300,21.06.1990,0.5559
202300,28.06.1990,0.533
202300,05.07.1990,0.6043
202300,12.07.1990,0.5039
202300,19.07.1990,0.361
202300,26.07.1990,0.2379
202300,02.08.1990,0.2141
202300,09.08.1990,0.2214
202300,16.08.1990,0.2066
202300,23.08.1990,0.1454
202300,30.08.1990,0.2219
202300,06.09.1990,0.217
202300,13.09.1990,0.138
202300,20.09.1990,0.1353
202300,27.09.1990,0.124
202300,04.10.1990,0.1383
202300,11.10.1990,0.1441
202300,18.10.1990,0.266
202300,25.10.1990,0.2174
202300,01.11.1990,0.3286
202300,08.11.1990,0.573
202300,15.11.1990,0.5181
202300,22.11.1990,0.3256
202300,29.11.1990,0.2513
202300,06.12.1990,0.155
202300,13.12.1990,0.1906
202300,20.12.1990,0.1294
202300,27.12.1990,0.2503
202300,03.01.1991,0.285
202300,10.01.1991,0.324
202300,17.01.1991,0.6049
202300,24.01.1991,0.3357
202300,31.01.1991,0.2677
202300,07.02.1991,0.2554
202300,14.02.1991,0.263
202300,21.02.1991,0.166
202300,28.02.1991,0.1563
202300,07.03.1991,0.138
202300,14.03.1991,0.1497
202300,21.03.1991,0.242
202300,28.03.1991,0.1484
202300,04.04.1991,0.3247
202300,11.04.1991,0.1541
202300,18.04.1991,0.1804
202300,25.04.1991,0.2293
202300,02.05.1991,0.2361
202300,09.05.1991,0.4223
202300,16.05.1991,0.3321
202300,23.05.1991,0.206
202300,30.05.1991,0.1543
202300,06.06.1991,0.1909
202300,13.06.1991,0.4153
202300,20.06.1991,0.5493
202300,27.06.1991,0.3577
202300,04.07.1991,0.312
202300,11.07.1991,0.67
202300,18.07.1991,0.2854
202300,25.07.1991,0.412
202300,01.08.1991,0.8556
202300,08.08.1991,0.4556
202300,15.08.1991,0.5513
202300,22.08.1991,0.6641
202300,29.08.1991,0.649
202300,05.09.1991,0.6299
202300,12.09.1991,0.6463
202300,19.09.1991,0.6663
202300,26.09.1991,0.6133
202300,03.10.1991,0.3109
202300,10.10.1991,0.3471
202300,17.10.1991,0.4027
202300,24.10.1991,0.6167
202300,31.10.1991,0.4999
202300,07.11.1991,0.3606
202300,14.11.1991,0.3581
202300,21.11.1991,0.3483
202300,28.11.1991,0.2874
202300,05.12.1991,0.384
202300,12.12.1991,0.575
202300,19.12.1991,0.635
202300,26.12.1991,0.6576
202300,02.01.1992,0.253
202300,09.01.1992,0.2489
202300,16.01.1992,0.2476
202300,23.01.1992,0.3059
202300,30.01.1992,0.2393
202300,06.02.1992,0.2291
202300,13.02.1992,0.238
202300,20.02.1992,0.2436
202300,27.02.1992,0.2907
202300,05.03.1992,0.2736
202300,12.03.1992,0.3329
202300,19.03.1992,0.2864
202300,26.03.1992,0.3227
202300,02.04.1992,0.3189
202300,09.04.1992,0.2761
202300,16.04.1992,0.2961
202300,23.04.1992,0.3136
202300,30.04.1992,0.2496
202300,07.05.1992,0.2477
202300,14.05.1992,0.1874
202300,21.05.1992,0.1627
202300,28.05.1992,0.1809
202300,04.06.1992,0.4237
202300,11.06.1992,0.2271
202300,18.06.1992,0.3044
202300,25.06.1992,0.2619
202300,02.07.1992,0.4077
202300,09.07.1992,0.3079
202300,16.07.1992,0.2351
202300,23.07.1992,0.2254
202300,30.07.1992,0.3041
202300,06.08.1992,0.2627
202300,13.08.1992,0.243
202300,20.08.1992,0.2484
202300,27.08.1992,0.24
202300,03.09.1992,0.2523
202300,10.09.1992,0.272
202300,17.09.1992,0.259
202300,24.09.1992,0.3051
202300,01.10.1992,0.3086
202300,08.10.1992,0.2836
202300,15.10.1992,0.4097
202300,22.10.1992,0.4166
202300,29.10.1992,0.3369
202300,05.11.1992,0.2859
202300,12.11.1992,0.2904
202300,19.11.1992,0.309
202300,26.11.1992,0.3589
202300,03.12.1992,0.6649
202300,10.12.1992,0.9883
202300,17.12.1992,0.4857
202300,24.12.1992,0.527
202300,31.12.1992,0.4529
202300,07.01.1993,0.2891
202300,14.01.1993,0.3013
202300,21.01.1993,0.2184
202300,28.01.1993,0.1983
202300,04.02.1993,0.293
202300,11.02.1993,0.4039
202300,18.02.1993,0.2059
202300,25.02.1993,0.3326
202300,04.03.1993,0.2766
202300,11.03.1993,0.42
202300,18.03.1993,0.4367
202300,25.03.1993,0.2346
202300,01.04.1993,0.1967
202300,08.04.1993,0.2161
202300,15.04.1993,0.2441
202300,22.04.1993,0.2514
202300,29.04.1993,0.1669
202300,06.05.1993,0.1526
202300,13.05.1993,0.1531
202300,20.05.1993,0.4277
202300,27.05.1993,0.2649
202300,03.06.1993,0.2523
202300,10.06.1993,0.2911
202300,17.06.1993,0.3389
202300,24.06.1993,0.3586
202300,01.07.1993,0.357
202300,08.07.1993,0.5536
202300,15.07.1993,0.5049
202300,22.07.1993,0.3314
202300,29.07.1993,0.3049
202300,05.08.1993,0.3586
202300,12.08.1993,0.3331
202300,19.08.1993,0.2794
202300,26.08.1993,0.2999
202300,02.09.1993,0.3644
202300,09.09.1993,0.3779
202300,16.09.1993,0.3096
202300,23.09.1993,0.329
202300,30.09.1993,0.3156
202300,07.10.1993,0.3491
202300,14.10.1993,0.3231
202300,21.10.1993,0.584
202300,28.10.1993,0.448
202300,04.11.1993,0.7209
202300,11.11.1993,0.4551
202300,18.11.1993,0.3541
202300,25.11.1993,0.2546
202300,02.12.1993,0.5019
202300,09.12.1993,0.4556
202300,16.12.1993,0.5521
202300,23.12.1993,0.5377
202300,30.12.1993,0.4257
202300,06.01.1994,0.3926
202300,13.01.1994,0.328
202300,20.01.1994,0.3354
202300,27.01.1994,0.3626
202300,03.02.1994,0.3729
202300,10.02.1994,0.327
202300,17.02.1994,0.3004
202300,24.02.1994,0.3177
202300,03.03.1994,0.5339
202300,10.03.1994,0.3819
202300,17.03.1994,0.3709
202300,24.03.1994,0.4143
202300,31.03.1994,0.3686
202300,07.04.1994,0.3891
202300,14.04.1994,0.7507
202300,21.04.1994,0.6084
202300,28.04.1994,0.5051
202300,05.05.1994,0.5129
202300,12.05.1994,0.5489
202300,19.05.1994,0.4963
202300,26.05.1994,0.4591
202300,02.06.1994,0.3984
202300,09.06.1994,0.3996
202300,16.06.1994,0.4057
202300,23.06.1994,0.3897
202300,30.06.1994,0.4139
202300,07.07.1994,0.4787
202300,14.07.1994,0.6297
202300,21.07.1994,0.3871
202300,28.07.1994,0.3464
202300,04.08.1994,0.4827
202300,11.08.1994,0.5609
202300,18.08.1994,0.4679
202300,25.08.1994,0.6611
202300,01.09.1994,0.6279
202300,08.09.1994,0.495
202300,15.09.1994,0.3886
202300,22.09.1994,0.3914
202300,29.09.1994,0.3851
202300,06.10.1994,0.3654
202300,13.10.1994,0.4311
202300,20.10.1994,0.619
202300,27.10.1994,0.5767
202300,03.11.1994,0.364
202300,10.11.1994,0.3294
202300,17.11.1994,0.321
202300,24.11.1994,0.3587
202300,01.12.1994,0.4316
202300,08.12.1994,0.4619
202300,15.12.1994,0.5103
202300,22.12.1994,0.4321
202300,29.12.1994,0.4951
202300,05.01.1995,0.4309
202300,12.01.1995,0.2997
202300,19.01.1995,0.3416
202300,26.01.1995,0.5189
202300,02.02.1995,0.4587
202300,09.02.1995,0.3317
202300,16.02.1995,0.2624
202300,23.02.1995,0.5736
202300,02.03.1995,0.3696
202300,09.03.1995,0.1901
202300,16.03.1995,0.3151
202300,23.03.1995,0.4846
202300,30.03.1995,0.6569
202300,06.04.1995,0.5779
202300,13.04.1995,0.5916
202300,20.04.1995,0.5719
202300,27.04.1995,0.464
202300,04.05.1995,0.2886
202300,11.05.1995,0.7624
202300,18.05.1995,0.263
202300,25.05.1995,0.277
202300,01.06.1995,1.365
202300,08.06.1995,4.9077
202300,15.06.1995,2.4343
202300,22.06.1995,3.4424
202300,29.06.1995,0.807
202300,06.07.1995,0.306
202300,13.07.1995,0.5503
202300,20.07.1995,1.2156
202300,27.07.1995,0.4829
202300,03.08.1995,0.342
202300,10.08.1995,0.3099
202300,17.08.1995,0.3251
202300,24.08.1995,0.4771
202300,31.08.1995,1.5223
202300,07.09.1995,0.3007
202300,14.09.1995,0.4096
202300,21.09.1995,0.4797
202300,28.09.1995,0.6634
202300,05.10.1995,0.9613
202300,12.10.1995,0.8156
202300,19.10.1995,0.707
202300,26.10.1995,0.4681
202300,02.11.1995,0.4723
202300,09.11.1995,0.4493
202300,16.11.1995,0.2249
202300,23.11.1995,0.3699
202300,30.11.1995,0.2457
202300,07.12.1995,0.2494
202300,14.12.1995,0.22
202300,21.12.1995,1.1046
202300,28.12.1995,1.9514
202300,04.01.1996,2.6334
202300,11.01.1996,0.9114
202300,18.01.1996,0.6877
202300,25.01.1996,0.6567
202300,01.02.1996,0.5766
202300,08.02.1996,0.5289
202300,15.02.1996,0.5039
202300,22.02.1996,0.2791
202300,29.02.1996,0.117
202300,07.03.1996,0.0403
202300,14.03.1996,2.0634
202300,21.03.1996,1.6414
202300,28.03.1996,1.0659
202300,04.04.1996,0.8329
202300,11.04.1996,0.6641
202300,18.04.1996,0.514
202300,25.04.1996,0.4081
202300,02.05.1996,1.015
202300,09.05.1996,2.7553
202300,16.05.1996,0.7603
202300,23.05.1996,0.8637
202300,30.05.1996,0.7803
202300,06.06.1996,0.4206
202300,13.06.1996,1.4886
202300,20.06.1996,1.2957
202300,27.06.1996,0.769
202300,04.07.1996,1.886
202300,11.07.1996,0.9299
202300,18.07.1996,0.4479
202300,25.07.1996,0.4759
202300,01.08.1996,0.5184
202300,08.08.1996,1.0447
202300,15.08.1996,1.4283
202300,22.08.1996,0.672
202300,29.08.1996,0.5087
202300,05.09.1996,0.432
202300,12.09.1996,0.5147
202300,19.09.1996,0.4626
202300,26.09.1996,0.5551
202300,03.10.1996,0.9304
202300,10.10.1996,0.8466
202300,17.10.1996,1.0227
202300,24.10.1996,0.5901
202300,31.10.1996,0.316
202300,07.11.1996,0.4076
202300,14.11.1996,0.6801
202300,21.11.1996,0.5526
202300,28.11.1996,0.598
202300,05.12.1996,0.5377
202300,12.12.1996,0.4886
202300,19.12.1996,0.6304
202300,26.12.1996,0.6029
202300,02.01.1997,0.587
202300,09.01.1997,0.5501
202300,16.01.1997,0.5073
202300,23.01.1997,0.4617
202300,30.01.1997,0.3454
202300,06.02.1997,0.6584
202300,13.02.1997,1.1426
202300,20.02.1997,0.6263
202300,27.02.1997,0.9036
202300,06.03.1997,0.9801
202300,13.03.1997,1.0249
202300,20.03.1997,1.1136
202300,27.03.1997,0.7401
202300,03.04.1997,0.4843
202300,10.04.1997,0.45
202300,17.04.1997,0.4969
202300,24.04.1997,0.5576
202300,01.05.1997,0.5219
202300,08.05.1997,0.494
202300,15.05.1997,0.4514
202300,22.05.1997,0.3781
202300,29.05.1997,0.3371
202300,05.06.1997,0.2706
202300,12.06.1997,0.3317
202300,19.06.1997,0.4556
202300,26.06.1997,0.448
202300,03.07.1997,0.492
202300,10.07.1997,0.4186
202300,17.07.1997,1.5243
202300,24.07.1997,0.7727
202300,31.07.1997,0.395
202300,07.08.1997,0.3309
202300,14.08.1997,0.3617
202300,21.08.1997,0.4994
202300,28.08.1997,0.4953
202300,04.09.1997,0.541
202300,11.09.1997,0.3717
202300,18.09.1997,0.2684
202300,25.09.1997,0.2784
202300,02.10.1997,0.2206
202300,09.10.1997,0.2313
202300,16.10.1997,0.2746
202300,23.10.1997,0.2077
202300,30.10.1997,0.2256
202300,06.11.1997,0.3481
202300,13.11.1997,0.2971
202300,20.11.1997,0.2819
202300,27.11.1997,0.3051
202300,04.12.1997,0.3273
202300,11.12.1997,0.3483
202300,18.12.1997,0.2196
202300,25.12.1997,0.2557
202300,01.01.1998,0.2556
202300,08.01.1998,0.2449
202300,15.01.1998,0.2499
202300,22.01.1998,0.2727
202300,29.01.1998,0.3546
202300,05.02.1998,0.3546
202300,12.02.1998,0.4316
202300,19.02.1998,0.4399
202300,26.02.1998,0.3914
202300,05.03.1998,0.6391
202300,12.03.1998,0.3471
202300,19.03.1998,0.5814
202300,26.03.1998,0.2971
202300,02.04.1998,0.3054
202300,09.04.1998,0.1693
202300,16.04.1998,0.1653
202300,23.04.1998,0.1903
202300,30.04.1998,0.1914
202300,07.05.1998,0.1851
202300,14.05.1998,0.1619
202300,21.05.1998,0.157
202300,28.05.1998,0.1597
202300,04.06.1998,0.1634
202300,11.06.1998,0.1706
202300,18.06.1998,0.1767
202300,25.06.1998,0.3319
202300,02.07.1998,0.2581
202300,09.07.1998,0.2757
202300,16.07.1998,0.3323
202300,23.07.1998,0.4611
202300,30.07.1998,0.3643
202300,06.08.1998,0.2947
202300,13.08.1998,0.4004
202300,20.08.1998,0.3577
202300,27.08.1998,0.3844
202300,03.09.1998,0.6489
202300,10.09.1998,0.8131
202300,17.09.1998,0.6616
202300,24.09.1998,0.393
202300,01.10.1998,0.5176
202300,08.10.1998,0.9124
202300,15.10.1998,0.7187
202300,22.10.1998,0.4674
202300,29.10.1998,0.8397
202300,05.11.1998,1.211
202300,12.11.1998,0.3963
202300,19.11.1998,0.2789
202300,26.11.1998,0.275
202300,03.12.1998,0.348
202300,10.12.1998,0.2983
202300,17.12.1998,0.2926
202300,24.12.1998,0.3139
202300,31.12.1998,0.3039
202300,07.01.1999,0.4866
202300,14.01.1999,0.4323
202300,21.01.1999,0.342
202300,28.01.1999,0.3313
202300,04.02.1999,0.3873
202300,11.02.1999,0.2131
202300,18.02.1999,0.7214
202300,25.02.1999,0.4086
202300,04.03.1999,0.4164
202300,11.03.1999,0.243
202300,18.03.1999,0.2314
202300,25.03.1999,0.2536
202300,01.04.1999,0.3346
202300,08.04.1999,0.3004
202300,15.04.1999,0.2884
202300,22.04.1999,0.3103
202300,29.04.1999,0.258
202300,06.05.1999,0.2724
202300,13.05.1999,0.2737
202300,20.05.1999,0.2463
202300,27.05.1999,0.2004
202300,03.06.1999,0.2377
202300,10.06.1999,0.2234
202300,17.06.1999,0.2851
202300,24.06.1999,0.2617
202300,01.07.1999,0.2606
202300,08.07.1999,0.3853
202300,15.07.1999,0.3089
202300,22.07.1999,0.2151
202300,29.07.1999,0.1746
202300,05.08.1999,0.1633
202300,12.08.1999,0.1607
202300,19.08.1999,0.1604
202300,26.08.1999,0.1637
202300,02.09.1999,0.1673
202300,09.09.1999,0.1976
202300,16.09.1999,0.4277
202300,23.09.1999,0.232
202300,30.09.1999,0.2387
202300,07.10.1999,0.3991
202300,14.10.1999,0.4083
202300,21.10.1999,0.6339
202300,28.10.1999,0.2643
202300,04.11.1999,0.3709
202300,11.11.1999,0.3304
202300,18.11.1999,0.1916
202300,25.11.1999,0.1929
202300,02.12.1999,0.2507
202300,09.12.1999,0.2203
202300,16.12.1999,0.193
202300,23.12.1999,0.2026
202300,30.12.1999,0.2516
202300,06.01.2000,0.2287
202300,13.01.2000,0.25
202300,20.01.2000,0.233
202300,27.01.2000,0.2307
202300,03.02.2000,0.2406
202300,10.02.2000,0.1714
202300,17.02.2000,0.1951
202300,24.02.2000,0.1883
202300,02.03.2000,0.1916
202300,09.03.2000,0.3176
202300,16.03.2000,0.3437
202300,23.03.2000,0.37
202300,30.03.2000,0.8274
202300,06.04.2000,1.1407
202300,13.04.2000,0.7584
202300,20.04.2000,0.2839
202300,27.04.2000,0.1891
202300,04.05.2000,0.213
202300,11.05.2000,0.1984
202300,18.05.2000,0.3836
202300,25.05.2000,0.2207
202300,01.06.2000,0.2929
202300,08.06.2000,0.1717
202300,15.06.2000,0.165
202300,22.06.2000,0.2073
202300,29.06.2000,0.1843
202300,06.07.2000,0.2744
202300,13.07.2000,0.319
202300,20.07.2000,0.2777
202300,27.07.2000,0.2616
202300,03.08.2000,0.3216
202300,10.08.2000,0.2697
202300,17.08.2000,0.3481
202300,24.08.2000,0.2761
202300,31.08.2000,0.2899
202300,07.09.2000,0.3043
202300,14.09.2000,0.2874
202300,21.09.2000,0.3359
202300,28.09.2000,0.3841
202300,05.10.2000,0.6393
202300,12.10.2000,1.5486
202300,19.10.2000,1.0294
202300,26.10.2000,0.8709
202300,02.11.2000,0.3229
202300,09.11.2000,0.296
202300,16.11.2000,0.305
202300,23.11.2000,0.452
202300,30.11.2000,0.372
202300,07.12.2000,0.4037
202300,14.12.2000,0.3933
202300,21.12.2000,0.2453
202300,28.12.2000,0.2446
202300,04.01.2001,0.4324
202300,11.01.2001,0.4363
202300,18.01.2001,0.352
202300,25.01.2001,0.3724
202300,01.02.2001,0.4671
202300,08.02.2001,0.4193
202300,15.02.2001,0.2836
202300,22.02.2001,0.2669
202300,01.03.2001,0.2177
202300,08.03.2001,0.364
202300,15.03.2001,0.3377
202300,22.03.2001,0.9121
202300,29.03.2001,0.4207
202300,05.04.2001,0.6754
202300,12.04.2001,0.5509
202300,19.04.2001,0.5276
202300,26.04.2001,0.538
202300,03.05.2001,0.8887
202300,10.05.2001,0.4161
202300,17.05.2001,0.3669
202300,24.05.2001,0.2637
202300,31.05.2001,0.3067
202300,07.06.2001,0.3943
202300,14.06.2001,0.4821
202300,21.06.2001,0.4346
202300,28.06.2001,0.4243
202300,05.07.2001,0.4397
202300,12.07.2001,0.3191
202300,19.07.2001,0.2647
202300,26.07.2001,0.1929
202300,02.08.2001,0.4061
202300,09.08.2001,0.3213
202300,16.08.2001,1.6776
202300,23.08.2001,0.619
202300,30.08.2001,1.8203
202300,06.09.2001,1.0039
202300,13.09.2001,1.1986
202300,20.09.2001,1.7686
202300,27.09.2001,1.4543
202300,04.10.2001,1.0347
202300,11.10.2001,1.0839
202300,18.10.2001,2.6629
202300,25.10.2001,1.561
202300,01.11.2001,0.8283
202300,08.11.2001,0.6729
202300,15.11.2001,0.7339
202300,22.11.2001,0.8701
202300,29.11.2001,0.9056
202300,06.12.2001,1.1814
202300,13.12.2001,0.8446
202300,20.12.2001,0.6454
202300,27.12.2001,0.6121
202300,03.01.2002,0.6236
202300,10.01.2002,0.578
202300,17.01.2002,0.7361
202300,24.01.2002,0.863
202300,31.01.2002,0.6343
202300,07.02.2002,0.6814
202300,14.02.2002,0.5966
202300,21.02.2002,0.4639
202300,28.02.2002,0.7863
202300,07.03.2002,0.944
202300,14.03.2002,0.9274
202300,21.03.2002,1.1986
202300,28.03.2002,0.878
202300,04.04.2002,0.6316
202300,11.04.2002,1.0423
202300,18.04.2002,0.8426
202300,25.04.2002,0.8081
202300,02.05.2002,1.3916
202300,09.05.2002,1.2681
202300,16.05.2002,0.6136
202300,23.05.2002,0.6629
202300,30.05.2002,0.461
202300,06.06.2002,1.6327
202300,13.06.2002,0.739
202300,20.06.2002,2.3766
202300,27.06.2002,0.7671
202300,04.07.2002,1.0897
202300,11.07.2002,0.7244
202300,18.07.2002,0.6911
202300,25.07.2002,0.5074
202300,01.08.2002,1.0394
202300,08.08.2002,6.5631
202300,15.08.2002,2.5386
202300,22.08.2002,0.9444
202300,29.08.2002,0.7157
202300,05.09.2002,0.5866
202300,12.09.2002,0.5867
202300,19.09.2002,0.4944
202300,26.09.2002,0.601
202300,03.10.2002,0.5391
202300,10.10.2002,0.7771
202300,17.10.2002,1.1769
202300,24.10.2002,1.4429
202300,31.10.2002,1.1497
202300,07.11.2002,1.6957
202300,14.11.2002,0.7937
202300,21.11.2002,2.6057
202300,28.11.2002,3.9486
202300,05.12.2002,1.3629
202300,12.12.2002,1.0263
202300,19.12.2002,1.1211
202300,26.12.2002,2.6829
202300,02.01.2003,7.17
202300,09.01.2003,1.8357
202300,16.01.2003,1.5643
202300,23.01.2003,1.6757
202300,30.01.2003,1.4886
202300,06.02.2003,0.6823
202300,13.02.2003,0.3994
202300,20.02.2003,0.3859
202300,27.02.2003,0.414
202300,06.03.2003,0.6714
202300,13.03.2003,0.6444
202300,20.03.2003,0.8387
202300,27.03.2003,0.68
202300,03.04.2003,0.6423
202300,10.04.2003,0.6403
202300,17.04.2003,0.891
202300,24.04.2003,0.7184
202300,01.05.2003,0.6006
202300,08.05.2003,1.8169
202300,15.05.2003,0.7369
202300,22.05.2003,0.518
202300,29.05.2003,0.3606
202300,05.06.2003,0.333
202300,12.06.2003,0.3706
202300,19.06.2003,0.3243
202300,26.06.2003,0.363
202300,03.07.2003,0.4331
202300,10.07.2003,0.3033
202300,17.07.2003,0.3241
202300,24.07.2003,0.506
202300,31.07.2003,0.2371
202300,07.08.2003,0.2219
202300,14.08.2003,0.2313
202300,21.08.2003,0.2276
202300,28.08.2003,0.2123
202300,04.09.2003,0.1963
202300,11.09.2003,0.2203
202300,18.09.2003,0.2206
202300,25.09.2003,0.2113
202300,02.10.2003,0.2386
202300,09.10.2003,0.2304
202300,16.10.2003,0.2129
202300,23.10.2003,0.2107
202300,30.10.2003,0.2079
202300,06.11.2003,0.197
202300,13.11.2003,0.193
202300,20.11.2003,0.1934
202300,27.11.2003,0.2064
202300,04.12.2003,0.2154
202300,11.12.2003,0.2084
202300,18.12.2003,0.2261
202300,25.12.2003,0.2136
202300,01.01.2004,0.2524
202300,08.01.2004,0.2643
202300,15.01.2004,0.2974
202300,22.01.2004,0.258
202300,29.01.2004,0.2756
202300,05.02.2004,0.299
202300,12.02.2004,0.2743
202300,19.02.2004,0.2609
202300,26.02.2004,0.2126
202300,04.03.2004,0.159
202300,11.03.2004,0.223
202300,18.03.2004,0.2383
202300,25.03.2004,0.1619
202300,01.04.2004,0.2517
202300,08.04.2004,0.2561
202300,15.04.2004,0.2263
202300,22.04.2004,0.241
202300,29.04.2004,0.1976
202300,06.05.2004,0.2174
202300,13.05.2004,0.2946
202300,20.05.2004,0.2489
202300,27.05.2004,0.231
202300,03.06.2004,0.4559
202300,10.06.2004,0.9874
202300,17.06.2004,0.3826
202300,24.06.2004,0.2164
202300,01.07.2004,0.3096
202300,08.07.2004,0.3844
202300,15.07.2004,0.2286
202300,22.07.2004,0.1653
202300,29.07.2004,0.1716
202300,05.08.2004,0.1621
202300,12.08.2004,0.161
202300,19.08.2004,0.252
202300,26.08.2004,0.3414
202300,02.09.2004,0.3146
202300,09.09.2004,0.508
202300,16.09.2004,0.4194
202300,23.09.2004,0.5346
202300,30.09.2004,0.6083
202300,07.10.2004,0.6306
202300,14.10.2004,0.4816
202300,21.10.2004,0.4209
202300,28.10.2004,0.468
202300,04.11.2004,0.4681
202300,11.11.2004,0.2777
202300,18.11.2004,0.486
202300,25.11.2004,0.4431
202300,02.12.2004,0.2691
202300,09.12.2004,0.3444
202300,16.12.2004,0.6953
202300,23.12.2004,0.6807
202300,30.12.2004,0.4409
202300,06.01.2005,0.439
202300,13.01.2005,0.3693
202300,20.01.2005,0.7074
202300,27.01.2005,0.4379
202300,03.02.2005,0.3217
202300,10.02.2005,1.0413
202300,17.02.2005,0.5069
202300,24.02.2005,0.381
202300,03.03.2005,0.3221
202300,10.03.2005,0.5014
202300,17.03.2005,1.2671
202300,24.03.2005,1.0746
202300,31.03.2005,0.7237
202300,07.04.2005,0.5626
202300,14.04.2005,0.32
202300,21.04.2005,0.2151
202300,28.04.2005,0.2623
202300,05.05.2005,0.3097
202300,12.05.2005,0.3159
202300,19.05.2005,0.6291
202300,26.05.2005,0.5719
202300,02.06.2005,0.5576
202300,09.06.2005,0.487
202300,16.06.2005,0.4636
202300,23.06.2005,0.2139
202300,30.06.2005,0.5117
202300,07.07.2005,0.6626
202300,14.07.2005,0.4444
202300,21.07.2005,0.3561
202300,28.07.2005,0.399
202300,04.08.2005,0.4601
202300,11.08.2005,0.4253
202300,18.08.2005,0.5139
202300,25.08.2005,0.4009
202300,01.09.2005,0.2594
202300,08.09.2005,0.3447
202300,15.09.2005,0.4256
202300,22.09.2005,0.2701
202300,29.09.2005,0.6526
202300,06.10.2005,1.271
202300,13.10.2005,0.5894
202300,20.10.2005,0.7664
202300,27.10.2005,0.4267
202300,03.11.2005,0.1977
202300,10.11.2005,0.2833
202300,17.11.2005,0.7399
202300,24.11.2005,0.3193
202300,01.12.2005,0.369
202300,08.12.2005,0.357
202300,15.12.2005,0.4009
202300,22.12.2005,0.3931
202300,29.12.2005,0.5974
202300,05.01.2006,0.4069
202300,12.01.2006,0.32
202300,19.01.2006,0.343
202300,26.01.2006,0.3689
202300,02.02.2006,0.3523
202300,09.02.2006,0.3213
202300,16.02.2006,0.2903
202300,23.02.2006,0.2589
202300,02.03.2006,0.441
202300,09.03.2006,0.8381
202300,16.03.2006,0.568
202300,23.03.2006,0.8099
202300,30.03.2006,0.7454
202300,06.04.2006,0.5241
202300,13.04.2006,0.3686
202300,20.04.2006,0.2919
202300,27.04.2006,0.2574
202300,04.05.2006,0.2293
202300,11.05.2006,0.186
202300,18.05.2006,0.1424
202300,25.05.2006,0.2061
202300,01.06.2006,0.3563
202300,08.06.2006,0.1939
202300,15.06.2006,0.1743
202300,22.06.2006,0.1681
202300,29.06.2006,0.2373
202300,06.07.2006,0.1443
202300,13.07.2006,0.0703
202300,20.07.2006,0.0622
202300,27.07.2006,0.0642
202300,03.08.2006,0.0687
202300,10.08.2006,0.0784
202300,17.08.2006,0.0719
202300,24.08.2006,0.0761
202300,31.08.2006,0.055
202300,07.09.2006,0.132
202300,14.09.2006,0.1717
202300,21.09.2006,0.162
202300,28.09.2006,0.2283
202300,05.10.2006,0.2594
202300,12.10.2006,0.1663
202300,19.10.2006,0.1829
202300,26.10.2006,0.2099
202300,02.11.2006,0.1202
202300,09.11.2006,0.0933
202300,16.11.2006,0.0565
202300,23.11.2006,0.0718
202300,30.11.2006,0.0679
202300,07.12.2006,0.0868
202300,14.12.2006,0.0959
202300,21.12.2006,0.0851
202300,28.12.2006,0.0974
202300,04.01.2007,0.105
202300,11.01.2007,0.0994
202300,18.01.2007,0.1132
202300,25.01.2007,0.1956
202300,01.02.2007,0.21
202300,08.02.2007,0.1999
202300,15.02.2007,0.2784
202300,22.02.2007,0.2047
202300,01.03.2007,0.1971
202300,08.03.2007,0.1713
202300,15.03.2007,0.1547
202300,22.03.2007,0.1491
202300,29.03.2007,0.1471
202300,05.04.2007,0.125
202300,12.04.2007,0.1277
202300,19.04.2007,0.131
202300,26.04.2007,0.121
202300,03.05.2007,0.1139
202300,10.05.2007,0.1131
202300,17.05.2007,0.1107
202300,24.05.2007,0.1184
202300,31.05.2007,0.0812
202300,07.06.2007,0.0651
202300,14.06.2007,0.1
202300,21.06.2007,0.1876
202300,28.06.2007,0.1201
202300,05.07.2007,0.1359
202300,12.07.2007,0.1016
202300,19.07.2007,0.1191
202300,26.07.2007,0.1444
202300,02.08.2007,0.1239
202300,09.08.2007,0.1513
202300,16.08.2007,0.1294
202300,23.08.2007,0.1079
202300,30.08.2007,0.0444
202300,06.09.2007,0.0528
202300,13.09.2007,0.0499
202300,20.09.2007,0.0455
202300,27.09.2007,0.1114
202300,04.10.2007,0.1709
202300,11.10.2007,0.1811
202300,18.10.2007,0.0856
202300,25.10.2007,0.0947
202300,01.11.2007,0.0977
202300,08.11.2007,0.1291
202300,15.11.2007,0.0999
202300,22.11.2007,0.0925
202300,29.11.2007,0.1043
202300,06.12.2007,0.0993
202300,13.12.2007,0.0993
202300,20.12.2007,0.0993
202300,27.12.2007,0.0993
202300,03.01.2008,0.1733
202300,10.01.2008,0.101
202300,17.01.2008,0.161
202300,24.01.2008,0.1206
202300,31.01.2008,0.1094
202300,07.02.2008,0.098
202300,14.02.2008,0.1231
202300,21.02.2008,0.086
202300,28.02.2008,0.1088
202300,06.03.2008,0.0983
202300,13.03.2008,0.0958
202300,20.03.2008,0.1007
202300,27.03.2008,0.0961
202300,03.04.2008,0.1241
202300,10.04.2008,0.1226
202300,17.04.2008,0.1293
202300,24.04.2008,0.1283
202300,01.05.2008,0.1331
202300,08.05.2008,0.0851
202300,15.05.2008,0.105
202300,22.05.2008,0.1285
202300,29.05.2008,0.0593
202300,05.06.2008,0.083
202300,12.06.2008,0.0782
202300,19.06.2008,0.054
202300,26.06.2008,0.0551
202300,03.07.2008,0.0521
202300,10.07.2008,0.0612
202300,17.07.2008,0.0588
202300,24.07.2008,0.0535
202300,31.07.2008,0.0446
202300,07.08.2008,0.0462
202300,14.08.2008,0.1077
202300,21.08.2008,0.084
202300,28.08.2008,0.0577
202300,04.09.2008,0.0827
202300,11.09.2008,0.0922
202300,18.09.2008,0.0857
202300,25.09.2008,0.144
202300,02.10.2008,0.3036
202300,09.10.2008,0.2931
202300,16.10.2008,0.251
202300,23.10.2008,0.2589
202300,30.10.2008,0.2973
202300,06.11.2008,0.2249
202300,13.11.2008,0.2296
202300,20.11.2008,0.2169
202300,27.11.2008,0.2049
202300,04.12.2008,0.2386
202300,11.12.2008,0.3076
202300,18.12.2008,0.3179
202300,25.12.2008,0.3191
202300,01.01.2009,0.2204
202300,08.01.2009,0.2179
202300,15.01.2009,0.3401
202300,22.01.2009,0.2287
202300,29.01.2009,0.1974
202300,05.02.2009,0.216
202300,12.02.2009,0.2543
202300,19.02.2009,0.1663
202300,26.02.2009,0.1877
202300,05.03.2009,0.18
202300,12.03.2009,0.1624
202300,19.03.2009,0.163
202300,26.03.2009,0.1351
202300,02.04.2009,0.1247
202300,09.04.2009,0.1383
202300,16.04.2009,0.1377
202300,23.04.2009,0.0966
202300,30.04.2009,0.0647
202300,07.05.2009,0.0865
202300,14.05.2009,0.1068
202300,21.05.2009,0.0985
202300,28.05.2009,0.1579
202300,04.06.2009,0.1479
202300,11.06.2009,0.1411
202300,18.06.2009,0.1701
202300,25.06.2009,0.1577
202300,02.07.2009,0.1471
202300,09.07.2009,0.1283
202300,16.07.2009,0.1238
202300,23.07.2009,0.1126
202300,30.07.2009,0.1249
202300,06.08.2009,0.0888
202300,13.08.2009,0.0761
202300,20.08.2009,0.0529
202300,27.08.2009,0.0409
202300,03.09.2009,0.0301
202300,10.09.2009,0.0638
202300,17.09.2009,0.0386
202300,24.09.2009,0.0313
202300,01.10.2009,0.0977
202300,08.10.2009,0.2766
202300,15.10.2009,0.277
202300,22.10.2009,0.1877
202300,29.10.2009,0.1389
202300,05.11.2009,0.2201
202300,12.11.2009,0.2079
202300,19.11.2009,0.1296
202300,26.11.2009,0.1527
202300,03.12.2009,0.1793
202300,10.12.2009,0.3251
202300,17.12.2009,0.2213
202300,24.12.2009,0.2831
202300,31.12.2009,0.4361
202300,07.01.2010,0.3756
202300,14.01.2010,0.301
202300,21.01.2010,0.4961
202300,28.01.2010,0.5077
202300,04.02.2010,0.2779
202300,11.02.2010,0.2266
202300,18.02.2010,0.2646
202300,25.02.2010,1.0411
202300,04.03.2010,0.3293
202300,11.03.2010,0.1684
202300,18.03.2010,0.1579
202300,25.03.2010,0.1719
202300,01.04.2010,0.2727
202300,08.04.2010,0.1604
202300,15.04.2010,0.1417
202300,22.04.2010,0.1071
202300,29.04.2010,0.1205
202300,06.05.2010,0.1661
202300,13.05.2010,0.232
202300,20.05.2010,0.1543
202300,27.05.2010,0.0967
202300,03.06.2010,0.147
202300,10.06.2010,0.0985
202300,17.06.2010,0.0892
202300,24.06.2010,0.0936
202300,01.07.2010,0.0809
202300,08.07.2010,0.0596
202300,15.07.2010,0.0608
202300,22.07.2010,0.9676
202300,29.07.2010,0.1656
202300,05.08.2010,1.8343
202300,12.08.2010,1.2474
202300,19.08.2010,0.3423
202300,26.08.2010,0.3063
202300,02.09.2010,0.2469
202300,09.09.2010,0.1544
202300,16.09.2010,0.1601
202300,23.09.2010,1.6944
202300,30.09.2010,1.69
202300,07.10.2010,1.4314
202300,14.10.2010,0.8034
202300,21.10.2010,0.4636
202300,28.10.2010,0.3439
202300,04.11.2010,0.5503
202300,11.11.2010,0.4079
202300,18.11.2010,0.8091
202300,25.11.2010,0.6647
202300,02.12.2010,0.583
202300,09.12.2010,2.3157
202300,16.12.2010,1.0539
202300,23.12.2010,0.8607
202300,30.12.2010,0.6287
202300,06.01.2011,1.4411
202300,13.01.2011,4.2043
202300,20.01.2011,1.3371
202300,27.01.2011,0.6876
202300,03.02.2011,0.7661
202300,10.02.2011,0.5314
202300,17.02.2011,0.4039
202300,24.02.2011,0.2784
202300,03.03.2011,0.2084
202300,10.03.2011,0.2733
202300,17.03.2011,1.5414
202300,24.03.2011,1.0597
202300,31.03.2011,1.1914
202300,07.04.2011,0.7973
202300,14.04.2011,0.8541
202300,21.04.2011,0.4919
202300,28.04.2011,0.67
202300,05.05.2011,0.4629
202300,12.05.2011,0.5269
202300,19.05.2011,0.4036
202300,26.05.2011,0.415
202300,02.06.2011,0.7937
202300,09.06.2011,0.5173
202300,16.06.2011,0.4816
202300,23.06.2011,0.4024
202300,30.06.2011,0.3033
202300,07.07.2011,0.2966
202300,14.07.2011,0.3397
202300,21.07.2011,1.1564
202300,28.07.2011,0.6163
202300,04.08.2011,0.535
202300,11.08.2011,0.4637
202300,18.08.2011,0.611
202300,25.08.2011,0.5106
202300,01.09.2011,0.409
202300,08.09.2011,0.4074
202300,15.09.2011,0.4736
202300,22.09.2011,0.7827
202300,29.09.2011,0.6226
202300,06.10.2011,0.5181
202300,13.10.2011,0.39
202300,20.10.2011,0.5
202300,27.10.2011,0.5084
202300,03.11.2011,0.3877
202300,10.11.2011,0.4184
202300,17.11.2011,0.3574
202300,24.11.2011,0.4613
202300,01.12.2011,0.6167
202300,08.12.2011,0.4703
202300,15.12.2011,0.5326
202300,22.12.2011,0.5097
202300,29.12.2011,0.5047
202300,05.01.2012,0.5461
202300,12.01.2012,0.5009
202300,19.01.2012,0.9943
202300,26.01.2012,0.7203
202300,02.02.2012,0.5267
202300,09.02.2012,0.5249
202300,16.02.2012,0.6846
202300,23.02.2012,0.6073
202300,01.03.2012,0.5839
202300,08.03.2012,0.4503
202300,15.03.2012,0.4331
202300,22.03.2012,0.384
202300,29.03.2012,0.3334
202300,05.04.2012,0.3729
202300,12.04.2012,0.5049
202300,19.04.2012,0.4659
202300,26.04.2012,0.4956
202300,03.05.2012,0.5107
202300,10.05.2012,0.4656
202300,17.05.2012,0.3897
202300,24.05.2012,0.2314
202300,31.05.2012,0.1676
202300,07.06.2012,0.1801
202300,14.06.2012,0.1879
202300,21.06.2012,0.2621
202300,28.06.2012,0.3176
202300,05.07.2012,0.4347
202300,12.07.2012,0.3369
202300,19.07.2012,0.3274
202300,26.07.2012,0.2536
202300,02.08.2012,0.1672
202300,09.08.2012,0.0588
202300,16.08.2012,0.0286
202300,23.08.2012,0.071
202300,30.08.2012,0.3739
202300,06.09.2012,0.2877
202300,13.09.2012,0.366
202300,20.09.2012,0.3606
202300,27.09.2012,0.4804
202300,04.10.2012,0.5533
202300,11.10.2012,0.4796
202300,18.10.2012,0.3123
202300,25.10.2012,0.5097
202300,01.11.2012,0.6033
202300,08.11.2012,0.4991
202300,15.11.2012,0.4239
202300,22.11.2012,0.4269
202300,29.11.2012,0.7671
202300,06.12.2012,0.5157
202300,13.12.2012,0.5633
202300,20.12.2012,1.0424
202300,27.12.2012,1.248
202300,03.01.2013,0.8687
202300,10.01.2013,0.7287
202300,17.01.2013,0.5833
202300,24.01.2013,0.5103
202300,31.01.2013,0.9751
202300,07.02.2013,0.5769
202300,14.02.2013,0.5447
202300,21.02.2013,0.8581
202300,28.02.2013,1.1269
202300,07.03.2013,1.2377
202300,14.03.2013,1.0267
202300,21.03.2013,0.9451
202300,28.03.2013,0.8301
202300,04.04.2013,0.8113
202300,11.04.2013,0.809
202300,18.04.2013,0.7916
202300,25.04.2013,0.703
202300,02.05.2013,0.871
202300,09.05.2013,1.0903
202300,16.05.2013,0.7749
202300,23.05.2013,0.8573
202300,30.05.2013,5.2986
202300,06.06.2013,2.4443
202300,13.06.2013,1.3386
202300,20.06.2013,1.2641
202300,27.06.2013,0.9633
202300,04.07.2013,0.7541
202300,11.07.2013,0.6281
202300,18.07.2013,0.5619
202300,25.07.2013,0.6424
202300,01.08.2013,0.661
202300,08.08.2013,0.615
202300,15.08.2013,0.5299
202300,22.08.2013,0.6049
202300,29.08.2013,0.8137
202300,05.09.2013,1.0983
202300,12.09.2013,1.3576
202300,19.09.2013,1.3193
202300,26.09.2013,0.9501
202300,03.10.2013,0.9314
202300,10.10.2013,1.3271
202300,17.10.2013,0.9024
202300,24.10.2013,0.8471
202300,31.10.2013,1.0786
202300,07.11.2013,1.1457
202300,14.11.2013,1.0077
202300,21.11.2013,0.9594
202300,28.11.2013,0.9144
202300,05.12.2013,0.9736
202300,12.12.2013,0.7676
202300,19.12.2013,0.7594
202300,26.12.2013,0.7169
202300,02.01.2014,0.8051
202300,09.01.2014,0.8051
202300,16.01.2014,0.813
202300,23.01.2014,0.7613
202300,30.01.2014,0.7534
202300,06.02.2014,0.7884
202300,13.02.2014,0.7417
202300,20.02.2014,0.7236
202300,27.02.2014,0.6129
202300,06.03.2014,0.6361
202300,13.03.2014,0.6107
202300,20.03.2014,0.6666
202300,27.03.2014,0.6017
202300,03.04.2014,0.5357
202300,10.04.2014,0.6533
202300,17.04.2014,0.7504
202300,24.04.2014,0.6681
202300,01.05.2014,0.6284
202300,08.05.2014,0.4363
202300,15.05.2014,0.6761
202300,22.05.2014,0.781
202300,29.05.2014,0.8544
202300,05.06.2014,0.417
202300,12.06.2014,0.2623
202300,19.06.2014,0.2366
202300,26.06.2014,0.3394
202300,03.07.2014,0.3873
202300,10.07.2014,0.5043
202300,17.07.2014,0.3894
202300,24.07.2014,0.3787
202300,31.07.2014,0.4204
202300,07.08.2014,0.3893
202300,14.08.2014,0.3537
202300,21.08.2014,0.3304
202300,28.08.2014,0.4547
202300,04.09.2014,0.4854
202300,11.09.2014,1.5757
202300,18.09.2014,0.7549
202300,25.09.2014,0.8696
202300,02.10.2014,0.937
202300,09.10.2014,0.7799
202300,16.10.2014,0.8696
202300,23.10.2014,0.7203
202300,30.10.2014,0.6714
202300,06.11.2014,0.5699
202300,13.11.2014,0.7897
202300,20.11.2014,1.1277
202300,27.11.2014,0.7617
202300,04.12.2014,0.7571
202300,11.12.2014,0.7321
202300,18.12.2014,0.7497
202300,25.12.2014,0.6407
202300,01.01.2015,0.6429
202300,08.01.2015,0.6846
202300,15.01.2015,0.6211
202300,22.01.2015,0.6057
202300,29.01.2015,0.6124
202300,05.02.2015,0.5333
202300,12.02.2015,0.4831
202300,19.02.2015,0.4606
202300,26.02.2015,0.471
202300,05.03.2015,0.4801
202300,12.03.2015,0.411
202300,19.03.2015,0.4546
202300,26.03.2015,0.5121
202300,02.04.2015,0.4841
202300,09.04.2015,0.5476
202300,16.04.2015,0.5096
202300,23.04.2015,0.6119
202300,30.04.2015,0.7841
202300,07.05.2015,0.4894
202300,14.05.2015,0.4104
202300,21.05.2015,0.3836
202300,28.05.2015,0.3026
202300,04.06.2015,0.3214
202300,11.06.2015,0.347
202300,18.06.2015,0.3036
202300,25.06.2015,0.3664
202300,02.07.2015,0.1223
202300,09.07.2015,0.1061
202300,16.07.2015,0.0861
202300,23.07.2015,0.0929
202300,30.07.2015,0.106
202300,06.08.2015,0.0715
202300,13.08.2015,0.2676
202300,20.08.2015,0.1709
202300,27.08.2015,0.0987
202300,03.09.2015,0.0955
202300,10.09.2015,0.1289
202300,17.09.2015,0.1506
202300,24.09.2015,0.1531
202300,01.10.2015,0.5034
202300,08.10.2015,0.6374
202300,15.10.2015,0.2934
202300,22.10.2015,0.2001
202300,29.10.2015,0.1977
202300,05.11.2015,0.2936
202300,12.11.2015,0.5189
202300,19.11.2015,0.5417
202300,26.11.2015,0.4344
202300,03.12.2015,0.5124
202300,10.12.2015,0.4166
202300,17.12.2015,0.4343
202300,24.12.2015,0.3576
202300,31.12.2015,0.3739
202300,07.01.2016,0.3847
202300,14.01.2016,0.3897
202300,21.01.2016,0.409
202300,28.01.2016,0.4646
202300,04.02.2016,0.4316
202300,11.02.2016,0.293
202300,18.02.2016,0.3631
202300,25.02.2016,0.3809
202300,03.03.2016,0.5383
202300,10.03.2016,0.3903
202300,17.03.2016,0.372
202300,24.03.2016,0.2689
202300,31.03.2016,0.2296
202300,07.04.2016,0.3444
202300,14.04.2016,0.4041
202300,21.04.2016,0.3627
202300,28.04.2016,0.3014
202300,05.05.2016,0.2694
202300,12.05.2016,0.2574
202300,19.05.2016,0.2941
202300,26.05.2016,0.3099
202300,02.06.2016,0.3917
202300,09.06.2016,0.167
202300,16.06.2016,0.2436
202300,23.06.2016,0.1767
202300,30.06.2016,0.1446
202300,07.07.2016,0.095
202300,14.07.2016,0.266
202300,21.07.2016,0.224
202300,28.07.2016,0.1546
202300,04.08.2016,0.3141
202300,11.08.2016,0.1511
202300,18.08.2016,0.1335
202300,25.08.2016,0.091
202300,01.09.2016,0.0766
202300,08.09.2016,0.0637
202300,15.09.2016,0.388
202300,22.09.2016,0.166
202300,29.09.2016,0.5619
202300,06.10.2016,0.7311
202300,13.10.2016,0.456
202300,20.10.2016,0.3206
202300,27.10.2016,0.3879
202300,03.11.2016,0.2686
202300,10.11.2016,0.25
202300,17.11.2016,0.2427
202300,24.11.2016,0.2821
202300,01.12.2016,0.2557
202300,08.12.2016,0.2574
202300,15.12.2016,0.2634
202300,22.12.2016,0.2973
202300,29.12.2016,0.2949
202300,05.01.2017,0.2567
202300,12.01.2017,0.249
202300,19.01.2017,0.248
202300,26.01.2017,0.2524
202300,02.02.2017,0.3213
202300,09.02.2017,0.3033
202300,16.02.2017,0.4493
202300,23.02.2017,0.4709
202300,02.03.2017,0.393
202300,09.03.2017,0.3311
202300,16.03.2017,0.2699
202300,23.03.2017,0.3059
202300,30.03.2017,0.2363
202300,06.04.2017,0.3226
202300,13.04.2017,0.3647
202300,20.04.2017,0.3443
202300,27.04.2017,0.343
202300,04.05.2017,0.3184
202300,11.05.2017,0.286
202300,18.05.2017,0.2456
202300,25.05.2017,0.1921
202300,01.06.2017,0.0982
202300,08.06.2017,0.0822
202300,15.06.2017,0.0859
202300,22.06.2017,0.0951
202300,29.06.2017,0.4199
202300,06.07.2017,0.0934
202300,13.07.2017,0.1611
202300,20.07.2017,0.1793
202300,27.07.2017,0.1846
202300,03.08.2017,0.1503
202300,10.08.2017,0.1839
202300,17.08.2017,0.0949
202300,24.08.2017,0.0857
202300,31.08.2017,0.1231
202300,07.09.2017,0.1215
202300,14.09.2017,0.1119
202300,21.09.2017,0.151
202300,28.09.2017,0.1853
202300,05.10.2017,0.5143
202300,12.10.2017,0.4574
202300,19.10.2017,0.2694
202300,26.10.2017,0.2139
202300,02.11.2017,0.4991
202300,09.11.2017,0.3786
202300,16.11.2017,0.2719
202300,23.11.2017,0.2814
202300,30.11.2017,0.2279
202300,07.12.2017,0.2101
202300,14.12.2017,0.1847
202300,21.12.2017,0.2196
202300,28.12.2017,0.306
202300,04.01.2018,0.4501
202300,11.01.2018,0.3496
202300,18.01.2018,0.3246
202300,25.01.2018,0.299
202300,01.02.2018,0.2539
202300,08.02.2018,0.2491
202300,15.02.2018,0.1849
202300,22.02.2018,0.1879
202300,01.03.2018,0.171
202300,08.03.2018,0.3256
202300,15.03.2018,0.4297
202300,22.03.2018,0.2663
202300,29.03.2018,0.1693
202300,05.04.2018,0.1314
202300,12.04.2018,0.1683
202300,19.04.2018,0.1453
202300,26.04.2018,0.1107
202300,03.05.2018,0.0811
202300,10.05.2018,0.0825
202300,17.05.2018,0.1353
202300,24.05.2018,0.1815
202300,31.05.2018,0.1308
202300,07.06.2018,0.4945
202300,14.06.2018,0.1404
202300,21.06.2018,0.0743
202300,28.06.2018,0.115
202300,05.07.2018,0.0746
202300,12.07.2018,0.0906
202300,19.07.2018,0.0367
202300,26.07.2018,0.0321
202300,02.08.2018,0.0389
202300,09.08.2018,0.0314
202300,16.08.2018,0.0323
202300,23.08.2018,0.032
202300,30.08.2018,0.0446
202300,06.09.2018,0.0396
202300,13.09.2018,0.0342
202300,20.09.2018,0.0513
202300,27.09.2018,0.0608
202300,04.10.2018,0.1956
202300,11.10.2018,0.246
202300,18.10.2018,0.1683
202300,25.10.2018,0.2773
202300,01.11.2018,0.1987
202300,08.11.2018,0.2287
202300,15.11.2018,0.1629
202300,22.11.2018,0.1377
202300,29.11.2018,0.1347
202300,06.12.2018,0.1226
202300,13.12.2018,0.108
202300,20.12.2018,0.1794
202300,27.12.2018,0.1569
202300,03.01.2019,0.1987
202300,10.01.2019,0.1927
202300,17.01.2019,0.1349
202300,24.01.2019,0.1391
202300,31.01.2019,0.1424
202300,07.02.2019,0.1911
202300,14.02.2019,0.2189
202300,21.02.2019,0.1781
202300,28.02.2019,0.1699
202300,07.03.2019,0.2151
202300,14.03.2019,0.2347
202300,21.03.2019,0.1599
202300,28.03.2019,0.1354
202300,04.04.2019,0.1386
202300,11.04.2019,0.1387
202300,18.04.2019,0.1474
202300,25.04.2019,0.1721
202300,02.05.2019,0.169
202300,09.05.2019,0.13
202300,16.05.2019,0.1859
202300,23.05.2019,0.2529
202300,30.05.2019,0.1849
202300,06.06.2019,0.1754
202300,13.06.2019,0.1039
202300,20.06.2019,0.0484
202300,27.06.2019,0.0206
202300,04.07.2019,0.0157
202300,11.07.2019,0.0286
202300,18.07.2019,0.0104
202300,25.07.2019,0.008
202300,01.08.2019,0.035
202300,08.08.2019,0.0385
202300,15.08.2019,0.0647
202300,22.08.2019,0.0392
202300,29.08.2019,0.0347
202300,05.09.2019,0.0474
202300,12.09.2019,0.0285
202300,19.09.2019,0.042
202300,26.09.2019,0.3616
202300,03.10.2019,0.1967
202300,10.10.2019,0.3031
202300,17.10.2019,0.1362
202300,24.10.2019,0.0445
202300,31.10.2019,0.1659
202300,07.11.2019,0.1819
202300,14.11.2019,0.2453
202300,21.11.2019,0.1806
202300,28.11.2019,0.1045
202300,05.12.2019,0.0892
202300,12.12.2019,0.0801
202300,19.12.2019,0.1141
202300,26.12.2019,0.1203
202300,02.01.2020,0.12
202300,09.01.2020,0.1287
202300,16.01.2020,0.1309
202300,23.01.2020,0.1206
202300,30.01.2020,0.2028
202300,06.02.2020,0.2301
202300,13.02.2020,0.1494
202300,20.02.2020,0.1421
202300,27.02.2020,0.1509
202300,05.03.2020,0.1704
202300,12.03.2020,0.4076
202300,19.03.2020,0.3151
202300,26.03.2020,0.1733
202300,02.04.2020,0.1349
202300,09.04.2020,0.1098
202300,16.04.2020,0.125
202300,23.04.2020,0.0748
202300,30.04.2020,0.087
202300,07.05.2020,0.1568
202300,14.05.2020,0.0993
202300,21.05.2020,0.1059
202300,28.05.2020,0.07
202300,04.06.2020,0.158
202300,11.06.2020,0.1886
202300,18.06.2020,0.1496
202300,25.06.2020,0.0801
202300,02.07.2020,0.0201
202300,09.07.2020,0.0094
202300,16.07.2020,0.0088
202300,23.07.2020,0.0032
202300,30.07.2020,0.0404
202300,06.08.2020,0.0484
202300,13.08.2020,0.0582
202300,20.08.2020,0.0156
202300,27.08.2020,0.0247
202300,03.09.2020,0.0153
202300,10.09.2020,0.0084
202300,17.09.2020,0.0061
202300,24.09.2020,0.2939
202300,01.10.2020,0.208
202300,08.10.2020,0.4479
202300,15.10.2020,0.7559
202300,22.10.2020,0.2791
202300,29.10.2020,0.2437
202300,05.11.2020,0.2257
202300,12.11.2020,0.1886
202300,19.11.2020,0.131
202300,26.11.2020,0.0537
202300,03.12.2020,0.0615
202300,10.12.2020,0.0972
202300,17.12.2020,0.1129
202300,24.12.2020,0.2011
202300,31.12.2020,0.1359
202300,07.01.2021,0.1597
202300,14.01.2021,0.1354
202300,21.01.2021,0.2111
202300,28.01.2021,0.3094
202300,04.02.2021,0.4683
202300,11.02.2021,0.2499
202300,18.02.2021,0.4963
202300,25.02.2021,0.4984
202300,04.03.2021,0.4901
202300,11.03.2021,0.3239
202300,18.03.2021,0.3239
202300,25.03.2021,0.3031
202300,01.04.2021,0.227
202300,08.04.2021,0.2153
202300,15.04.2021,0.2206
202300,22.04.2021,0.2014
202300,29.04.2021,0.3623
202300,06.05.2021,0.2837
202300,13.05.2021,1.2009
202300,20.05.2021,0.4951
202300,27.05.2021,0.2911
202300,03.06.2021,0.179
202300,10.06.2021,0.1156
202300,17.06.2021,0.0791
202300,24.06.2021,0.6824
202300,01.07.2021,0.3069
202300,08.07.2021,0.4701
202300,15.07.2021,0.6059
202300,22.07.2021,0.1967
202300,29.07.2021,0.1471
202300,05.08.2021,0.2721
202300,12.08.2021,0.1246
202300,19.08.2021,0.1098
202300,26.08.2021,0.1769
202300,02.09.2021,0.1046
202300,09.09.2021,0.0882
202300,16.09.2021,0.2
202300,23.09.2021,0.1461
202300,30.09.2021,0.1927
202300,07.10.2021,0.3699
202300,14.10.2021,0.3269
202300,21.10.2021,0.1822
202300,28.10.2021,0.2665
202300,04.11.2021,0.4874
202300,11.11.2021,0.2851
202300,18.11.2021,0.2437
202300,25.11.2021,0.2244
202300,02.12.2021,0.2599
202300,09.12.2021,0.2117
202300,16.12.2021,0.201
202300,23.12.2021,0.2371
202300,30.12.2021,0.22
